parentCode,parentName,polygonCount,expected2020,matchedCode2020,missing2020,legacyExtraVs2020,codeCoverage2020Pct,expected2023,matchedCode2023,missing2023,legacyExtraVs2023,codeCoverage2023Pct
411302,宛城区,15,15,15,0,0,100.0,15,15,0,0,100.0
411303,卧龙区,19,19,19,0,0,100.0,19,19,0,0,100.0
411321,南召县,21,21,21,0,0,100.0,21,21,0,0,100.0
411322,方城县,19,19,14,5,5,73.68,20,14,6,5,70.0
411323,西峡县,19,19,18,1,1,94.74,19,18,1,1,94.74
411324,镇平县,22,22,22,0,0,100.0,22,22,0,0,100.0
411325,内乡县,16,16,16,0,0,100.0,16,16,0,0,100.0
411326,淅川县,17,17,17,0,0,100.0,17,17,0,0,100.0
411327,社旗县,16,16,16,0,0,100.0,16,16,0,0,100.0
411328,唐河县,23,24,23,1,0,95.83,24,23,1,0,95.83
411329,新野县,15,15,15,0,0,100.0,15,15,0,0,100.0
411330,桐柏县,16,16,16,0,0,100.0,16,16,0,0,100.0
411381,邓州市,29,29,28,1,1,96.55,29,28,1,1,96.55
