regionCode,sourceCode,name,sourceName,parentCode,parentName,regionLevel,regionType,isManagementZone,source,sourceVersion,geometryRepaired,match2020,match2023,geometryType,geometryValid,canonicalName2020,canonicalName2023,status2020,status2023
411302001,411302001000,东关街道,东关街道办事处,411302,宛城区,township,street,False,ruiduobao,mixed-legacy~2018-2020,False,True,True,MultiPolygon,True,东关街道,东关街道,match,match
411302002,411302002000,新华街道,新华街道办事处,411302,宛城区,township,street,False,ruiduobao,mixed-legacy~2018-2020,False,True,True,MultiPolygon,True,新华街道,新华街道,match,match
411302003,411302003000,汉冶街道,汉冶街道办事处,411302,宛城区,township,street,False,ruiduobao,mixed-legacy~2018-2020,False,True,True,MultiPolygon,True,汉冶街道,汉冶街道,match,match
411302004,411302004000,仲景街道,仲景街道办事处,411302,宛城区,township,street,False,ruiduobao,mixed-legacy~2018-2020,False,True,True,MultiPolygon,True,仲景街道,仲景街道,match,match
411302007,411302007000,赤虎街道,赤虎街道办事处,411302,宛城区,township,street,False,ruiduobao,mixed-legacy~2018-2020,False,True,True,MultiPolygon,True,赤虎街道,赤虎街道,match,match
411302008,411302008000,五里堡街道,五里堡街道办事处,411302,宛城区,township,street,False,ruiduobao,mixed-legacy~2018-2020,False,True,True,MultiPolygon,True,五里堡街道,五里堡街道,match,match
411302102,411302102000,官庄镇,官庄镇,411302,宛城区,township,town,False,ruiduobao,mixed-legacy~2018-2020,False,True,True,MultiPolygon,True,官庄镇,官庄镇,match,match
411302103,411302103000,瓦店镇,瓦店镇,411302,宛城区,township,town,False,ruiduobao,mixed-legacy~2018-2020,False,True,True,MultiPolygon,True,瓦店镇,瓦店镇,match,match
411302104,411302104000,红泥湾镇,红泥湾镇,411302,宛城区,township,town,False,ruiduobao,mixed-legacy~2018-2020,False,True,True,MultiPolygon,True,红泥湾镇,红泥湾镇,match,match
411302105,411302105000,黄台岗镇,黄台岗镇,411302,宛城区,township,town,False,ruiduobao,mixed-legacy~2018-2020,False,True,True,MultiPolygon,True,黄台岗镇,黄台岗镇,match,match
411302106,411302106000,金华镇,金华镇,411302,宛城区,township,town,False,ruiduobao,mixed-legacy~2018-2020,False,True,True,MultiPolygon,True,金华镇,金华镇,match,match
411302107,411302107000,高庙镇,高庙镇,411302,宛城区,township,town,False,ruiduobao,mixed-legacy~2018-2020,False,True,True,MultiPolygon,True,高庙镇,高庙镇,match,match
411302301,411302301000,溧河乡,溧河乡,411302,宛城区,township,township,False,ruiduobao,mixed-legacy~2018-2020,False,True,True,MultiPolygon,True,溧河乡,溧河乡,match,match
411302302,411302302000,汉冢乡,汉冢乡,411302,宛城区,township,township,False,ruiduobao,mixed-legacy~2018-2020,False,True,True,MultiPolygon,True,汉冢乡,汉冢乡,match,match
411302304,411302304000,茶庵乡,茶庵乡,411302,宛城区,township,township,False,ruiduobao,mixed-legacy~2018-2020,True,True,True,MultiPolygon,True,茶庵乡,茶庵乡,match,match
411303002,411303002000,七一街道,七一街道办事处,411303,卧龙区,township,street,False,ruiduobao,mixed-legacy~2018-2020,False,True,True,MultiPolygon,True,七一街道,七一街道,match,match
411303003,411303003000,卧龙岗街道,卧龙岗街道办事处,411303,卧龙区,township,street,False,ruiduobao,mixed-legacy~2018-2020,False,True,True,MultiPolygon,True,卧龙岗街道,卧龙岗街道,match,match
411303004,411303004000,武侯街道,武侯街道办事处,411303,卧龙区,township,street,False,ruiduobao,mixed-legacy~2018-2020,False,True,True,MultiPolygon,True,武侯街道,武侯街道,match,match
411303005,411303005000,梅溪街道,梅溪街道办事处,411303,卧龙区,township,street,False,ruiduobao,mixed-legacy~2018-2020,False,True,True,MultiPolygon,True,梅溪街道,梅溪街道,match,match
411303006,411303006000,车站街道,车站街道办事处,411303,卧龙区,township,street,False,ruiduobao,mixed-legacy~2018-2020,False,True,True,MultiPolygon,True,车站街道,车站街道,match,match
411303007,411303007000,光武街道,光武街道办事处,411303,卧龙区,township,street,False,ruiduobao,mixed-legacy~2018-2020,False,True,True,MultiPolygon,True,光武街道,光武街道,match,match
411303008,411303008000,靳岗街道,靳岗街道办事处,411303,卧龙区,township,street,False,ruiduobao,mixed-legacy~2018-2020,False,True,True,MultiPolygon,True,靳岗街道,靳岗街道,match,match
411303101,411303101000,石桥镇,石桥镇,411303,卧龙区,township,town,False,ruiduobao,mixed-legacy~2018-2020,False,True,True,MultiPolygon,True,石桥镇,石桥镇,match,match
411303102,411303102000,潦河镇,潦河镇,411303,卧龙区,township,town,False,ruiduobao,mixed-legacy~2018-2020,False,True,True,MultiPolygon,True,潦河镇,潦河镇,match,match
411303103,411303103000,安皋镇,安皋镇,411303,卧龙区,township,town,False,ruiduobao,mixed-legacy~2018-2020,False,True,True,MultiPolygon,True,安皋镇,安皋镇,match,match
411303104,411303104000,蒲山镇,蒲山镇,411303,卧龙区,township,town,False,ruiduobao,mixed-legacy~2018-2020,False,True,True,MultiPolygon,True,蒲山镇,蒲山镇,match,match
411303105,411303105000,陆营镇,陆营镇,411303,卧龙区,township,town,False,ruiduobao,mixed-legacy~2018-2020,False,True,True,MultiPolygon,True,陆营镇,陆营镇,match,match
411303106,411303106000,青华镇,青华镇,411303,卧龙区,township,town,False,ruiduobao,mixed-legacy~2018-2020,False,True,True,MultiPolygon,True,青华镇,青华镇,match,match
411303107,411303107000,英庄镇,英庄镇,411303,卧龙区,township,town,False,ruiduobao,mixed-legacy~2018-2020,False,True,True,MultiPolygon,True,英庄镇,英庄镇,match,match
411303108,411303108000,潦河坡镇,潦河坡镇,411303,卧龙区,township,town,False,ruiduobao,mixed-legacy~2018-2020,False,True,True,MultiPolygon,True,潦河坡镇,潦河坡镇,match,match
411303109,411303109000,谢庄镇,谢庄镇,411303,卧龙区,township,town,False,ruiduobao,mixed-legacy~2018-2020,False,True,True,MultiPolygon,True,谢庄镇,谢庄镇,match,match
411303300,411303300000,七里园乡,七里园乡,411303,卧龙区,township,township,False,ruiduobao,mixed-legacy~2018-2020,False,True,True,MultiPolygon,True,七里园乡,七里园乡,match,match
411303306,411303306000,王村乡,王村乡,411303,卧龙区,township,township,False,ruiduobao,mixed-legacy~2018-2020,False,True,True,MultiPolygon,True,王村乡,王村乡,match,match
411303400,411303400000,龙王沟风景区,龙王沟风景区办事处,411303,卧龙区,township,scenicArea,False,ruiduobao,mixed-legacy~2018-2020,False,True,True,MultiPolygon,True,龙王沟风景区,龙王沟风景区,match,match
411321100,411321100000,城关镇,城关镇,411321,南召县,township,town,False,ruiduobao,mixed-legacy~2018-2020,False,True,True,MultiPolygon,True,城关镇,城关镇,match,match
411321101,411321101000,留山镇,留山镇,411321,南召县,township,town,False,ruiduobao,mixed-legacy~2018-2020,False,True,True,MultiPolygon,True,留山镇,留山镇,match,match
411321102,411321102000,云阳镇,云阳镇,411321,南召县,township,town,False,ruiduobao,mixed-legacy~2018-2020,False,True,True,MultiPolygon,True,云阳镇,云阳镇,match,match
411321103,411321103000,皇路店镇,皇路店镇,411321,南召县,township,town,False,ruiduobao,mixed-legacy~2018-2020,False,True,True,MultiPolygon,True,皇路店镇,皇路店镇,match,match
411321104,411321104000,南河店镇,南河店镇,411321,南召县,township,town,False,ruiduobao,mixed-legacy~2018-2020,True,True,True,MultiPolygon,True,南河店镇,南河店镇,match,match
411321105,411321105000,板山坪镇,板山坪镇,411321,南召县,township,town,False,ruiduobao,mixed-legacy~2018-2020,False,True,True,MultiPolygon,True,板山坪镇,板山坪镇,match,match
411321106,411321106000,乔端镇,乔端镇,411321,南召县,township,town,False,ruiduobao,mixed-legacy~2018-2020,False,True,True,MultiPolygon,True,乔端镇,乔端镇,match,match
411321107,411321107000,白土岗镇,白土岗镇,411321,南召县,township,town,False,ruiduobao,mixed-legacy~2018-2020,False,True,True,MultiPolygon,True,白土岗镇,白土岗镇,match,match
411321300,411321300000,城郊乡,城郊乡,411321,南召县,township,township,False,ruiduobao,mixed-legacy~2018-2020,False,True,True,MultiPolygon,True,城郊乡,城郊乡,match,match
411321301,411321301000,小店乡,小店乡,411321,南召县,township,township,False,ruiduobao,mixed-legacy~2018-2020,False,True,True,MultiPolygon,True,小店乡,小店乡,match,match
411321302,411321302000,皇后乡,皇后乡,411321,南召县,township,township,False,ruiduobao,mixed-legacy~2018-2020,False,True,True,MultiPolygon,True,皇后乡,皇后乡,match,match
411321303,411321303000,太山庙乡,太山庙乡,411321,南召县,township,township,False,ruiduobao,mixed-legacy~2018-2020,False,True,True,MultiPolygon,True,太山庙乡,太山庙乡,match,match
411321304,411321304000,石门乡,石门乡,411321,南召县,township,township,False,ruiduobao,mixed-legacy~2018-2020,False,True,True,MultiPolygon,True,石门乡,石门乡,match,match
411321305,411321305000,四棵树乡,四棵树乡,411321,南召县,township,township,False,ruiduobao,mixed-legacy~2018-2020,False,True,True,MultiPolygon,True,四棵树乡,四棵树乡,match,match
411321308,411321308000,马市坪乡,马市坪乡,411321,南召县,township,township,False,ruiduobao,mixed-legacy~2018-2020,False,True,True,MultiPolygon,True,马市坪乡,马市坪乡,match,match
411321310,411321310000,崔庄乡,崔庄乡,411321,南召县,township,township,False,ruiduobao,mixed-legacy~2018-2020,False,True,True,MultiPolygon,True,崔庄乡,崔庄乡,match,match
411321400,411321400000,河南红阳机械厂,河南红阳机械厂,411321,南召县,township,factory,False,ruiduobao,mixed-legacy~2018-2020,False,True,True,MultiPolygon,True,河南红阳机械厂,河南红阳机械厂,match,match
411321401,411321401000,河南向东机械厂,河南向东机械厂,411321,南召县,township,factory,False,ruiduobao,mixed-legacy~2018-2020,False,True,True,MultiPolygon,True,河南向东机械厂,河南向东机械厂,match,match
411321402,411321402000,河南红宇机械厂,河南红宇机械厂,411321,南召县,township,factory,False,ruiduobao,mixed-legacy~2018-2020,False,True,True,MultiPolygon,True,河南红宇机械厂,河南红宇机械厂,match,match
411321403,411321403000,国营东风机械厂,国营东风机械厂,411321,南召县,township,factory,False,ruiduobao,mixed-legacy~2018-2020,False,True,True,MultiPolygon,True,国营东风机械厂,国营东风机械厂,match,match
411321404,411321404000,国营长江机械厂,国营长江机械厂,411321,南召县,township,factory,False,ruiduobao,mixed-legacy~2018-2020,False,True,True,MultiPolygon,True,国营长江机械厂,国营长江机械厂,match,match
411322001,411322001000,凤瑞街道,凤瑞街道办事处,411322,方城县,township,street,False,ruiduobao,mixed-legacy~2018-2020,False,True,True,MultiPolygon,True,凤瑞街道,凤瑞街道,match,match
411322002,411322002000,释之街道,释之街道办事处,411322,方城县,township,street,False,ruiduobao,mixed-legacy~2018-2020,False,True,True,MultiPolygon,True,释之街道,释之街道,match,match
411322101,411322101000,独树镇,独树镇,411322,方城县,township,town,False,ruiduobao,mixed-legacy~2018-2020,False,True,True,MultiPolygon,True,独树镇,独树镇,match,match
411322102,411322102000,博望镇,博望镇,411322,方城县,township,town,False,ruiduobao,mixed-legacy~2018-2020,False,True,True,MultiPolygon,True,博望镇,博望镇,match,match
411322103,411322103000,拐河镇,拐河镇,411322,方城县,township,town,False,ruiduobao,mixed-legacy~2018-2020,False,True,True,MultiPolygon,True,拐河镇,拐河镇,match,match
411322104,411322104000,小史店镇,小史店镇,411322,方城县,township,town,False,ruiduobao,mixed-legacy~2018-2020,False,True,True,MultiPolygon,True,小史店镇,小史店镇,match,match
411322105,411322105000,赵河镇,赵河镇,411322,方城县,township,town,False,ruiduobao,mixed-legacy~2018-2020,False,True,True,MultiPolygon,True,赵河镇,赵河镇,match,match
411322106,411322106000,广阳镇,广阳镇,411322,方城县,township,town,False,ruiduobao,mixed-legacy~2018-2020,False,True,True,MultiPolygon,True,广阳镇,广阳镇,match,match
411322107,411322107000,二郎庙镇,二郎庙镇,411322,方城县,township,town,False,ruiduobao,mixed-legacy~2018-2020,False,False,False,MultiPolygon,True,,,legacy_or_extra,legacy_or_extra
411322108,411322108000,杨楼镇,杨楼镇,411322,方城县,township,town,False,ruiduobao,mixed-legacy~2018-2020,False,True,True,MultiPolygon,True,杨楼镇,杨楼镇,match,match
411322109,411322109000,券桥镇,券桥镇,411322,方城县,township,town,False,ruiduobao,mixed-legacy~2018-2020,False,True,True,MultiPolygon,True,券桥镇,券桥镇,match,match
411322110,411322110000,清河镇,清河镇,411322,方城县,township,town,False,ruiduobao,mixed-legacy~2018-2020,False,True,True,MultiPolygon,True,清河镇,清河镇,match,match
411322111,411322111000,四里店镇,四里店镇,411322,方城县,township,town,False,ruiduobao,mixed-legacy~2018-2020,False,True,True,MultiPolygon,True,四里店镇,四里店镇,match,match
411322301,411322301000,杨集乡,杨集乡,411322,方城县,township,township,False,ruiduobao,mixed-legacy~2018-2020,False,False,False,MultiPolygon,True,,,legacy_or_extra,legacy_or_extra
411322303,411322303000,古庄店乡,古庄店乡,411322,方城县,township,township,False,ruiduobao,mixed-legacy~2018-2020,False,False,False,MultiPolygon,True,,,legacy_or_extra,legacy_or_extra
411322309,411322309000,柳河乡,柳河乡,411322,方城县,township,township,False,ruiduobao,mixed-legacy~2018-2020,False,False,False,MultiPolygon,True,,,legacy_or_extra,legacy_or_extra
411322311,411322311000,袁店回族乡,袁店回族乡,411322,方城县,township,township,False,ruiduobao,mixed-legacy~2018-2020,False,True,True,MultiPolygon,True,袁店回族乡,袁店回族乡,match,match
411322400,411322400000,河南中南机械厂,河南中南机械厂,411322,方城县,township,factory,False,ruiduobao,mixed-legacy~2018-2020,False,False,False,MultiPolygon,True,,,legacy_or_extra,legacy_or_extra
411322401,411322401000,方城大寺林场,方城大寺林场,411322,方城县,township,forestFarm,False,ruiduobao,mixed-legacy~2018-2020,False,True,True,MultiPolygon,True,方城大寺林场,方城大寺林场,match,match
411323001,411323001000,白羽街道,白羽街道办事处,411323,西峡县,township,street,False,ruiduobao,mixed-legacy~2018-2020,False,True,True,MultiPolygon,True,白羽街道,白羽街道,match,match
411323002,411323002000,紫金街道,紫金街道办事处,411323,西峡县,township,street,False,ruiduobao,mixed-legacy~2018-2020,False,True,True,MultiPolygon,True,紫金街道,紫金街道,match,match
411323003,411323003000,莲花街道,莲花街道办事处,411323,西峡县,township,street,False,ruiduobao,mixed-legacy~2018-2020,False,True,True,MultiPolygon,True,莲花街道,莲花街道,match,match
411323101,411323101000,丹水镇,丹水镇,411323,西峡县,township,town,False,ruiduobao,mixed-legacy~2018-2020,False,True,True,MultiPolygon,True,丹水镇,丹水镇,match,match
411323102,411323102000,西坪镇,西坪镇,411323,西峡县,township,town,False,ruiduobao,mixed-legacy~2018-2020,False,True,True,MultiPolygon,True,西坪镇,西坪镇,match,match
411323103,411323103000,双龙镇,双龙镇,411323,西峡县,township,town,False,ruiduobao,mixed-legacy~2018-2020,False,True,True,MultiPolygon,True,双龙镇,双龙镇,match,match
411323104,411323104000,回车镇,回车镇,411323,西峡县,township,town,False,ruiduobao,mixed-legacy~2018-2020,False,True,True,MultiPolygon,True,回车镇,回车镇,match,match
411323105,411323105000,丁河镇,丁河镇,411323,西峡县,township,town,False,ruiduobao,mixed-legacy~2018-2020,False,True,True,MultiPolygon,True,丁河镇,丁河镇,match,match
411323106,411323106000,桑坪镇,桑坪镇,411323,西峡县,township,town,False,ruiduobao,mixed-legacy~2018-2020,False,True,True,MultiPolygon,True,桑坪镇,桑坪镇,match,match
411323107,411323107000,米坪镇,米坪镇,411323,西峡县,township,town,False,ruiduobao,mixed-legacy~2018-2020,False,True,True,MultiPolygon,True,米坪镇,米坪镇,match,match
411323108,411323108000,五里桥镇,五里桥镇,411323,西峡县,township,town,False,ruiduobao,mixed-legacy~2018-2020,False,True,True,MultiPolygon,True,五里桥镇,五里桥镇,match,match
411323109,411323109000,重阳镇,重阳镇,411323,西峡县,township,town,False,ruiduobao,mixed-legacy~2018-2020,False,True,True,MultiPolygon,True,重阳镇,重阳镇,match,match
411323110,411323110000,太平镇,太平镇,411323,西峡县,township,town,False,ruiduobao,mixed-legacy~2018-2020,False,True,True,MultiPolygon,True,太平镇,太平镇,match,match
411323111,411323111000,阳城镇,阳城镇,411323,西峡县,township,town,False,ruiduobao,mixed-legacy~2018-2020,False,True,True,MultiPolygon,True,阳城镇,阳城镇,match,match
411323112,411323112000,二郎坪镇,二郎坪镇,411323,西峡县,township,town,False,ruiduobao,mixed-legacy~2018-2020,False,True,True,MultiPolygon,True,二郎坪镇,二郎坪镇,match,match
411323113,411323113000,石界河镇,石界河镇,411323,西峡县,township,town,False,ruiduobao,mixed-legacy~2018-2020,False,True,True,MultiPolygon,True,石界河镇,石界河镇,match,match
411323114,411323114000,军马河镇,军马河镇,411323,西峡县,township,town,False,ruiduobao,mixed-legacy~2018-2020,False,True,True,MultiPolygon,True,军马河镇,军马河镇,match,match
411323300,411323300000,田关乡,田关乡,411323,西峡县,township,township,False,ruiduobao,mixed-legacy~2018-2020,False,False,False,MultiPolygon,True,,,legacy_or_extra,legacy_or_extra
411323307,411323307000,寨根乡,寨根乡,411323,西峡县,township,township,False,ruiduobao,mixed-legacy~2018-2020,False,True,True,MultiPolygon,True,寨根乡,寨根乡,match,match
411324001,411324001000,涅阳街道,涅阳街道办事处,411324,镇平县,township,street,False,ruiduobao,mixed-legacy~2018-2020,False,True,True,MultiPolygon,True,涅阳街道,涅阳街道,match,match
411324002,411324002000,雪枫街道,雪枫街道办事处,411324,镇平县,township,street,False,ruiduobao,mixed-legacy~2018-2020,False,True,True,MultiPolygon,True,雪枫街道,雪枫街道,match,match
411324003,411324003000,玉都街道,玉都街道办事处,411324,镇平县,township,street,False,ruiduobao,mixed-legacy~2018-2020,False,True,True,MultiPolygon,True,玉都街道,玉都街道,match,match
411324101,411324101000,石佛寺镇,石佛寺镇,411324,镇平县,township,town,False,ruiduobao,mixed-legacy~2018-2020,False,True,True,MultiPolygon,True,石佛寺镇,石佛寺镇,match,match
411324102,411324102000,晁陂镇,晁陂镇,411324,镇平县,township,town,False,ruiduobao,mixed-legacy~2018-2020,False,True,True,MultiPolygon,True,晁陂镇,晁陂镇,match,match
411324103,411324103000,贾宋镇,贾宋镇,411324,镇平县,township,town,False,ruiduobao,mixed-legacy~2018-2020,False,True,True,MultiPolygon,True,贾宋镇,贾宋镇,match,match
411324104,411324104000,侯集镇,侯集镇,411324,镇平县,township,town,False,ruiduobao,mixed-legacy~2018-2020,False,True,True,MultiPolygon,True,侯集镇,侯集镇,match,match
411324105,411324105000,老庄镇,老庄镇,411324,镇平县,township,town,False,ruiduobao,mixed-legacy~2018-2020,False,True,True,MultiPolygon,True,老庄镇,老庄镇,match,match
411324106,411324106000,卢医镇,卢医镇,411324,镇平县,township,town,False,ruiduobao,mixed-legacy~2018-2020,False,True,True,MultiPolygon,True,卢医镇,卢医镇,match,match
411324107,411324107000,遮山镇,遮山镇,411324,镇平县,township,town,False,ruiduobao,mixed-legacy~2018-2020,False,True,True,MultiPolygon,True,遮山镇,遮山镇,match,match
411324108,411324108000,高丘镇,高丘镇,411324,镇平县,township,town,False,ruiduobao,mixed-legacy~2018-2020,False,True,True,MultiPolygon,True,高丘镇,高丘镇,match,match
411324109,411324109000,曲屯镇,曲屯镇,411324,镇平县,township,town,False,ruiduobao,mixed-legacy~2018-2020,False,True,True,MultiPolygon,True,曲屯镇,曲屯镇,match,match
411324110,411324110000,枣园镇,枣园镇,411324,镇平县,township,town,False,ruiduobao,mixed-legacy~2018-2020,False,True,True,MultiPolygon,True,枣园镇,枣园镇,match,match
411324111,411324111000,杨营镇,杨营镇,411324,镇平县,township,town,False,ruiduobao,mixed-legacy~2018-2020,False,True,True,MultiPolygon,True,杨营镇,杨营镇,match,match
411324112,411324112000,安字营镇,安字营镇,411324,镇平县,township,town,False,ruiduobao,mixed-legacy~2018-2020,False,True,True,MultiPolygon,True,安字营镇,安字营镇,match,match
411324113,411324113000,张林镇,张林镇,411324,镇平县,township,town,False,ruiduobao,mixed-legacy~2018-2020,False,True,True,MultiPolygon,True,张林镇,张林镇,match,match
411324114,411324114000,柳泉铺镇,柳泉铺镇,411324,镇平县,township,town,False,ruiduobao,mixed-legacy~2018-2020,False,True,True,MultiPolygon,True,柳泉铺镇,柳泉铺镇,match,match
411324115,411324115000,彭营镇,彭营镇,411324,镇平县,township,town,False,ruiduobao,mixed-legacy~2018-2020,False,True,True,MultiPolygon,True,彭营镇,彭营镇,match,match
411324303,411324303000,二龙乡,二龙乡,411324,镇平县,township,township,False,ruiduobao,mixed-legacy~2018-2020,False,True,True,MultiPolygon,True,二龙乡,二龙乡,match,match
411324306,411324306000,王岗乡,王岗乡,411324,镇平县,township,township,False,ruiduobao,mixed-legacy~2018-2020,False,True,True,MultiPolygon,True,王岗乡,王岗乡,match,match
411324309,411324309000,马庄乡,马庄乡,411324,镇平县,township,township,False,ruiduobao,mixed-legacy~2018-2020,False,True,True,MultiPolygon,True,马庄乡,马庄乡,match,match
411324315,411324315000,郭庄回族乡,郭庄回族乡,411324,镇平县,township,township,False,ruiduobao,mixed-legacy~2018-2020,False,True,True,MultiPolygon,True,郭庄回族乡,郭庄回族乡,match,match
411325100,411325100000,城关镇,城关镇,411325,内乡县,township,town,False,ruiduobao,mixed-legacy~2018-2020,False,True,True,MultiPolygon,True,城关镇,城关镇,match,match
411325101,411325101000,夏馆镇,夏馆镇,411325,内乡县,township,town,False,ruiduobao,mixed-legacy~2018-2020,True,True,True,MultiPolygon,True,夏馆镇,夏馆镇,match,match
411325102,411325102000,师岗镇,师岗镇,411325,内乡县,township,town,False,ruiduobao,mixed-legacy~2018-2020,False,True,True,MultiPolygon,True,师岗镇,师岗镇,match,match
411325103,411325103000,马山口镇,马山口镇,411325,内乡县,township,town,False,ruiduobao,mixed-legacy~2018-2020,False,True,True,MultiPolygon,True,马山口镇,马山口镇,match,match
411325104,411325104000,湍东镇,湍东镇,411325,内乡县,township,town,False,ruiduobao,mixed-legacy~2018-2020,False,True,True,MultiPolygon,True,湍东镇,湍东镇,match,match
411325105,411325105000,赤眉镇,赤眉镇,411325,内乡县,township,town,False,ruiduobao,mixed-legacy~2018-2020,False,True,True,MultiPolygon,True,赤眉镇,赤眉镇,match,match
411325106,411325106000,瓦亭镇,瓦亭镇,411325,内乡县,township,town,False,ruiduobao,mixed-legacy~2018-2020,False,True,True,MultiPolygon,True,瓦亭镇,瓦亭镇,match,match
411325107,411325107000,王店镇,王店镇,411325,内乡县,township,town,False,ruiduobao,mixed-legacy~2018-2020,False,True,True,MultiPolygon,True,王店镇,王店镇,match,match
411325108,411325108000,灌涨镇,灌涨镇,411325,内乡县,township,town,False,ruiduobao,mixed-legacy~2018-2020,False,True,True,MultiPolygon,True,灌涨镇,灌涨镇,match,match
411325109,411325109000,桃溪镇,桃溪镇,411325,内乡县,township,town,False,ruiduobao,mixed-legacy~2018-2020,False,True,True,MultiPolygon,True,桃溪镇,桃溪镇,match,match
411325110,411325110000,岞岖镇,岞岖镇,411325,内乡县,township,town,False,ruiduobao,mixed-legacy~2018-2020,False,True,True,MultiPolygon,True,岞岖镇,岞岖镇,match,match
411325111,411325111000,余关镇,余关镇,411325,内乡县,township,town,False,ruiduobao,mixed-legacy~2018-2020,False,True,True,MultiPolygon,True,余关镇,余关镇,match,match
411325300,411325300000,板场乡,板场乡,411325,内乡县,township,township,False,ruiduobao,mixed-legacy~2018-2020,False,True,True,MultiPolygon,True,板场乡,板场乡,match,match
411325301,411325301000,大桥乡,大桥乡,411325,内乡县,township,township,False,ruiduobao,mixed-legacy~2018-2020,False,True,True,MultiPolygon,True,大桥乡,大桥乡,match,match
411325302,411325302000,赵店乡,赵店乡,411325,内乡县,township,township,False,ruiduobao,mixed-legacy~2018-2020,False,True,True,MultiPolygon,True,赵店乡,赵店乡,match,match
411325306,411325306000,七里坪乡,七里坪乡,411325,内乡县,township,township,False,ruiduobao,mixed-legacy~2018-2020,False,True,True,MultiPolygon,True,七里坪乡,七里坪乡,match,match
411326001,411326001000,龙城街道,龙城街道办事处,411326,淅川县,township,street,False,ruiduobao,mixed-legacy~2018-2020,False,True,True,MultiPolygon,True,龙城街道,龙城街道,match,match
411326002,411326002000,商圣街道,商圣街道办事处,411326,淅川县,township,street,False,ruiduobao,mixed-legacy~2018-2020,False,True,True,MultiPolygon,True,商圣街道,商圣街道,match,match
411326101,411326101000,荆紫关镇,荆紫关镇,411326,淅川县,township,town,False,ruiduobao,mixed-legacy~2018-2020,False,True,True,MultiPolygon,True,荆紫关镇,荆紫关镇,match,match
411326102,411326102000,老城镇,老城镇,411326,淅川县,township,town,False,ruiduobao,mixed-legacy~2018-2020,False,True,True,MultiPolygon,True,老城镇,老城镇,match,match
411326103,411326103000,香花镇,香花镇,411326,淅川县,township,town,False,ruiduobao,mixed-legacy~2018-2020,False,True,True,MultiPolygon,True,香花镇,香花镇,match,match
411326104,411326104000,厚坡镇,厚坡镇,411326,淅川县,township,town,False,ruiduobao,mixed-legacy~2018-2020,False,True,True,MultiPolygon,True,厚坡镇,厚坡镇,match,match
411326105,411326105000,丹阳镇,丹阳镇,411326,淅川县,township,town,False,ruiduobao,mixed-legacy~2018-2020,False,True,True,MultiPolygon,True,丹阳镇,丹阳镇,match,match
411326106,411326106000,盛湾镇,盛湾镇,411326,淅川县,township,town,False,ruiduobao,mixed-legacy~2018-2020,False,True,True,MultiPolygon,True,盛湾镇,盛湾镇,match,match
411326107,411326107000,金河镇,金河镇,411326,淅川县,township,town,False,ruiduobao,mixed-legacy~2018-2020,False,True,True,MultiPolygon,True,金河镇,金河镇,match,match
411326108,411326108000,寺湾镇,寺湾镇,411326,淅川县,township,town,False,ruiduobao,mixed-legacy~2018-2020,False,True,True,MultiPolygon,True,寺湾镇,寺湾镇,match,match
411326109,411326109000,仓房镇,仓房镇,411326,淅川县,township,town,False,ruiduobao,mixed-legacy~2018-2020,False,True,True,MultiPolygon,True,仓房镇,仓房镇,match,match
411326110,411326110000,上集镇,上集镇,411326,淅川县,township,town,False,ruiduobao,mixed-legacy~2018-2020,False,True,True,MultiPolygon,True,上集镇,上集镇,match,match
411326111,411326111000,马蹬镇,马蹬镇,411326,淅川县,township,town,False,ruiduobao,mixed-legacy~2018-2020,False,True,True,MultiPolygon,True,马蹬镇,马蹬镇,match,match
411326301,411326301000,西簧乡,西簧乡,411326,淅川县,township,township,False,ruiduobao,mixed-legacy~2018-2020,False,True,True,MultiPolygon,True,西簧乡,西簧乡,match,match
411326302,411326302000,毛堂乡,毛堂乡,411326,淅川县,township,township,False,ruiduobao,mixed-legacy~2018-2020,False,True,True,MultiPolygon,True,毛堂乡,毛堂乡,match,match
411326303,411326303000,大石桥乡,大石桥乡,411326,淅川县,township,township,False,ruiduobao,mixed-legacy~2018-2020,False,True,True,MultiPolygon,True,大石桥乡,大石桥乡,match,match
411326304,411326304000,滔河乡,滔河乡,411326,淅川县,township,township,False,ruiduobao,mixed-legacy~2018-2020,False,True,True,MultiPolygon,True,滔河乡,滔河乡,match,match
411327001,411327001000,赵河街道,赵河街道办事处,411327,社旗县,township,street,False,ruiduobao,mixed-legacy~2018-2020,False,True,True,MultiPolygon,True,赵河街道,赵河街道,match,match
411327002,411327002000,潘河街道,潘河街道办事处,411327,社旗县,township,street,False,ruiduobao,mixed-legacy~2018-2020,False,True,True,MultiPolygon,True,潘河街道,潘河街道,match,match
411327100,411327100000,赊店镇,赊店镇,411327,社旗县,township,town,False,ruiduobao,mixed-legacy~2018-2020,False,True,True,MultiPolygon,True,赊店镇,赊店镇,match,match
411327101,411327101000,桥头镇,桥头镇,411327,社旗县,township,town,False,ruiduobao,mixed-legacy~2018-2020,False,True,True,MultiPolygon,True,桥头镇,桥头镇,match,match
411327103,411327103000,饶良镇,饶良镇,411327,社旗县,township,town,False,ruiduobao,mixed-legacy~2018-2020,False,True,True,MultiPolygon,True,饶良镇,饶良镇,match,match
411327104,411327104000,兴隆镇,兴隆镇,411327,社旗县,township,town,False,ruiduobao,mixed-legacy~2018-2020,False,True,True,MultiPolygon,True,兴隆镇,兴隆镇,match,match
411327105,411327105000,晋庄镇,晋庄镇,411327,社旗县,township,town,False,ruiduobao,mixed-legacy~2018-2020,False,True,True,MultiPolygon,True,晋庄镇,晋庄镇,match,match
411327106,411327106000,李店镇,李店镇,411327,社旗县,township,town,False,ruiduobao,mixed-legacy~2018-2020,False,True,True,MultiPolygon,True,李店镇,李店镇,match,match
411327107,411327107000,苗店镇,苗店镇,411327,社旗县,township,town,False,ruiduobao,mixed-legacy~2018-2020,False,True,True,MultiPolygon,True,苗店镇,苗店镇,match,match
411327108,411327108000,郝寨镇,郝寨镇,411327,社旗县,township,town,False,ruiduobao,mixed-legacy~2018-2020,False,True,True,MultiPolygon,True,郝寨镇,郝寨镇,match,match
411327109,411327109000,朱集镇,朱集镇,411327,社旗县,township,town,False,ruiduobao,mixed-legacy~2018-2020,False,True,True,MultiPolygon,True,朱集镇,朱集镇,match,match
411327110,411327110000,下洼镇,下洼镇,411327,社旗县,township,town,False,ruiduobao,mixed-legacy~2018-2020,False,True,True,MultiPolygon,True,下洼镇,下洼镇,match,match
411327111,411327111000,太和镇,太和镇,411327,社旗县,township,town,False,ruiduobao,mixed-legacy~2018-2020,False,True,True,MultiPolygon,True,太和镇,太和镇,match,match
411327112,411327112000,大冯营镇,大冯营镇,411327,社旗县,township,town,False,ruiduobao,mixed-legacy~2018-2020,False,True,True,MultiPolygon,True,大冯营镇,大冯营镇,match,match
411327113,411327113000,陌陂镇,陌陂镇,411327,社旗县,township,town,False,ruiduobao,mixed-legacy~2018-2020,False,True,True,MultiPolygon,True,陌陂镇,陌陂镇,match,match
411327313,411327313000,唐庄乡,唐庄乡,411327,社旗县,township,township,False,ruiduobao,mixed-legacy~2018-2020,False,True,True,MultiPolygon,True,唐庄乡,唐庄乡,match,match
411328001,411328001000,滨河街道,滨河街道办事处,411328,唐河县,township,street,False,ruiduobao,mixed-legacy~2018-2020,False,True,True,MultiPolygon,True,滨河街道,滨河街道,match,match
411328002,411328002000,文峰街道,文峰街道办事处,411328,唐河县,township,street,False,ruiduobao,mixed-legacy~2018-2020,False,True,True,MultiPolygon,True,文峰街道,文峰街道,match,match
411328003,411328003000,东兴街道,东兴街道办事处,411328,唐河县,township,street,False,ruiduobao,mixed-legacy~2018-2020,False,True,True,MultiPolygon,True,东兴街道,东兴街道,match,match
411328004,411328004000,兴唐街道,兴唐街道办事处,411328,唐河县,township,street,False,ruiduobao,mixed-legacy~2018-2020,False,True,True,MultiPolygon,True,兴唐街道,兴唐街道,match,match
411328101,411328101000,源潭镇,源潭镇,411328,唐河县,township,town,False,ruiduobao,mixed-legacy~2018-2020,False,True,True,MultiPolygon,True,源潭镇,源潭镇,match,match
411328102,411328102000,张店镇,张店镇,411328,唐河县,township,town,False,ruiduobao,mixed-legacy~2018-2020,False,True,True,MultiPolygon,True,张店镇,张店镇,match,match
411328103,411328103000,郭滩镇,郭滩镇,411328,唐河县,township,town,False,ruiduobao,mixed-legacy~2018-2020,False,True,True,MultiPolygon,True,郭滩镇,郭滩镇,match,match
411328104,411328104000,湖阳镇,湖阳镇,411328,唐河县,township,town,False,ruiduobao,mixed-legacy~2018-2020,False,True,True,MultiPolygon,True,湖阳镇,湖阳镇,match,match
411328105,411328105000,黑龙镇,黑龙镇,411328,唐河县,township,town,False,ruiduobao,mixed-legacy~2018-2020,False,True,True,MultiPolygon,True,黑龙镇,黑龙镇,match,match
411328106,411328106000,大河屯镇,大河屯镇,411328,唐河县,township,town,False,ruiduobao,mixed-legacy~2018-2020,False,True,True,MultiPolygon,True,大河屯镇,大河屯镇,match,match
411328107,411328107000,龙潭镇,龙潭镇,411328,唐河县,township,town,False,ruiduobao,mixed-legacy~2018-2020,False,True,True,MultiPolygon,True,龙潭镇,龙潭镇,match,match
411328108,411328108000,桐寨铺镇,桐寨铺镇,411328,唐河县,township,town,False,ruiduobao,mixed-legacy~2018-2020,False,True,True,MultiPolygon,True,桐寨铺镇,桐寨铺镇,match,match
411328109,411328109000,苍台镇,苍台镇,411328,唐河县,township,town,False,ruiduobao,mixed-legacy~2018-2020,False,True,True,MultiPolygon,True,苍台镇,苍台镇,match,match
411328110,411328110000,上屯镇,上屯镇,411328,唐河县,township,town,False,ruiduobao,mixed-legacy~2018-2020,False,True,True,MultiPolygon,True,上屯镇,上屯镇,match,match
411328111,411328111000,毕店镇,毕店镇,411328,唐河县,township,town,False,ruiduobao,mixed-legacy~2018-2020,False,True,True,MultiPolygon,True,毕店镇,毕店镇,match,match
411328112,411328112000,少拜寺镇,少拜寺镇,411328,唐河县,township,town,False,ruiduobao,mixed-legacy~2018-2020,False,True,True,MultiPolygon,True,少拜寺镇,少拜寺镇,match,match
411328113,411328113000,祁仪镇,祁仪镇,411328,唐河县,township,town,False,ruiduobao,mixed-legacy~2018-2020,False,True,True,MultiPolygon,True,祁仪镇,祁仪镇,match,match
411328114,411328114000,马振抚镇,马振抚镇,411328,唐河县,township,town,False,ruiduobao,mixed-legacy~2018-2020,False,True,True,MultiPolygon,True,马振抚镇,马振抚镇,match,match
411328300,411328300000,城郊乡,城郊乡,411328,唐河县,township,township,False,ruiduobao,mixed-legacy~2018-2020,False,True,True,MultiPolygon,True,城郊乡,城郊乡,match,match
411328301,411328301000,桐河乡,桐河乡,411328,唐河县,township,township,False,ruiduobao,mixed-legacy~2018-2020,False,True,True,MultiPolygon,True,桐河乡,桐河乡,match,match
411328306,411328306000,昝岗乡,昝岗乡,411328,唐河县,township,township,False,ruiduobao,mixed-legacy~2018-2020,False,True,True,MultiPolygon,True,昝岗乡,昝岗乡,match,match
411328309,411328309000,古城乡,古城乡,411328,唐河县,township,township,False,ruiduobao,mixed-legacy~2018-2020,False,True,True,MultiPolygon,True,古城乡,古城乡,match,match
411328311,411328311000,东王集乡,东王集乡,411328,唐河县,township,township,False,ruiduobao,mixed-legacy~2018-2020,False,True,True,MultiPolygon,True,东王集乡,东王集乡,match,match
411329001,411329001000,汉城街道,汉城街道办事处,411329,新野县,township,street,False,ruiduobao,mixed-legacy~2018-2020,False,True,True,MultiPolygon,True,汉城街道,汉城街道,match,match
411329002,411329002000,汉华街道,汉华街道办事处,411329,新野县,township,street,False,ruiduobao,mixed-legacy~2018-2020,False,True,True,MultiPolygon,True,汉华街道,汉华街道,match,match
411329101,411329101000,王庄镇,王庄镇,411329,新野县,township,town,False,ruiduobao,mixed-legacy~2018-2020,False,True,True,MultiPolygon,True,王庄镇,王庄镇,match,match
411329102,411329102000,沙堰镇,沙堰镇,411329,新野县,township,town,False,ruiduobao,mixed-legacy~2018-2020,False,True,True,MultiPolygon,True,沙堰镇,沙堰镇,match,match
411329103,411329103000,新甸铺镇,新甸铺镇,411329,新野县,township,town,False,ruiduobao,mixed-legacy~2018-2020,False,True,True,MultiPolygon,True,新甸铺镇,新甸铺镇,match,match
411329104,411329104000,施庵镇,施庵镇,411329,新野县,township,town,False,ruiduobao,mixed-legacy~2018-2020,False,True,True,MultiPolygon,True,施庵镇,施庵镇,match,match
411329105,411329105000,歪子镇,歪子镇,411329,新野县,township,town,False,ruiduobao,mixed-legacy~2018-2020,False,True,True,MultiPolygon,True,歪子镇,歪子镇,match,match
411329106,411329106000,五星镇,五星镇,411329,新野县,township,town,False,ruiduobao,mixed-legacy~2018-2020,False,True,True,MultiPolygon,True,五星镇,五星镇,match,match
411329107,411329107000,溧河铺镇,溧河铺镇,411329,新野县,township,town,False,ruiduobao,mixed-legacy~2018-2020,False,True,True,MultiPolygon,True,溧河铺镇,溧河铺镇,match,match
411329108,411329108000,王集镇,王集镇,411329,新野县,township,town,False,ruiduobao,mixed-legacy~2018-2020,False,True,True,MultiPolygon,True,王集镇,王集镇,match,match
411329300,411329300000,城郊乡,城郊乡,411329,新野县,township,township,False,ruiduobao,mixed-legacy~2018-2020,False,True,True,MultiPolygon,True,城郊乡,城郊乡,match,match
411329303,411329303000,前高庙乡,前高庙乡,411329,新野县,township,township,False,ruiduobao,mixed-legacy~2018-2020,False,True,True,MultiPolygon,True,前高庙乡,前高庙乡,match,match
411329305,411329305000,樊集乡,樊集乡,411329,新野县,township,township,False,ruiduobao,mixed-legacy~2018-2020,False,True,True,MultiPolygon,True,樊集乡,樊集乡,match,match
411329307,411329307000,上庄乡,上庄乡,411329,新野县,township,township,False,ruiduobao,mixed-legacy~2018-2020,False,True,True,MultiPolygon,True,上庄乡,上庄乡,match,match
411329309,411329309000,上港乡,上港乡,411329,新野县,township,township,False,ruiduobao,mixed-legacy~2018-2020,False,True,True,MultiPolygon,True,上港乡,上港乡,match,match
411330100,411330100000,城关镇,城关镇,411330,桐柏县,township,town,False,ruiduobao,mixed-legacy~2018-2020,False,True,True,MultiPolygon,True,城关镇,城关镇,match,match
411330101,411330101000,月河镇,月河镇,411330,桐柏县,township,town,False,ruiduobao,mixed-legacy~2018-2020,False,True,True,MultiPolygon,True,月河镇,月河镇,match,match
411330102,411330102000,吴城镇,吴城镇,411330,桐柏县,township,town,False,ruiduobao,mixed-legacy~2018-2020,False,True,True,MultiPolygon,True,吴城镇,吴城镇,match,match
411330103,411330103000,固县镇,固县镇,411330,桐柏县,township,town,False,ruiduobao,mixed-legacy~2018-2020,False,True,True,MultiPolygon,True,固县镇,固县镇,match,match
411330104,411330104000,毛集镇,毛集镇,411330,桐柏县,township,town,False,ruiduobao,mixed-legacy~2018-2020,False,True,True,MultiPolygon,True,毛集镇,毛集镇,match,match
411330105,411330105000,大河镇,大河镇,411330,桐柏县,township,town,False,ruiduobao,mixed-legacy~2018-2020,False,True,True,MultiPolygon,True,大河镇,大河镇,match,match
411330106,411330106000,埠江镇,埠江镇,411330,桐柏县,township,town,False,ruiduobao,mixed-legacy~2018-2020,False,True,True,MultiPolygon,True,埠江镇,埠江镇,match,match
411330107,411330107000,平氏镇,平氏镇,411330,桐柏县,township,town,False,ruiduobao,mixed-legacy~2018-2020,False,True,True,MultiPolygon,True,平氏镇,平氏镇,match,match
411330108,411330108000,淮源镇,淮源镇,411330,桐柏县,township,town,False,ruiduobao,mixed-legacy~2018-2020,False,True,True,MultiPolygon,True,淮源镇,淮源镇,match,match
411330109,411330109000,黄岗镇,黄岗镇,411330,桐柏县,township,town,False,ruiduobao,mixed-legacy~2018-2020,False,True,True,MultiPolygon,True,黄岗镇,黄岗镇,match,match
411330110,411330110000,安棚镇,安棚镇,411330,桐柏县,township,town,False,ruiduobao,mixed-legacy~2018-2020,False,True,True,MultiPolygon,True,安棚镇,安棚镇,match,match
411330111,411330111000,朱庄镇,朱庄镇,411330,桐柏县,township,town,False,ruiduobao,mixed-legacy~2018-2020,False,True,True,MultiPolygon,True,朱庄镇,朱庄镇,match,match
411330112,411330112000,程湾镇,程湾镇,411330,桐柏县,township,town,False,ruiduobao,mixed-legacy~2018-2020,False,True,True,MultiPolygon,True,程湾镇,程湾镇,match,match
411330300,411330300000,城郊乡,城郊乡,411330,桐柏县,township,township,False,ruiduobao,mixed-legacy~2018-2020,False,True,True,MultiPolygon,True,城郊乡,城郊乡,match,match
411330301,411330301000,回龙乡,回龙乡,411330,桐柏县,township,township,False,ruiduobao,mixed-legacy~2018-2020,False,True,True,MultiPolygon,True,回龙乡,回龙乡,match,match
411330306,411330306000,新集乡,新集乡,411330,桐柏县,township,township,False,ruiduobao,mixed-legacy~2018-2020,False,True,True,MultiPolygon,True,新集乡,新集乡,match,match
411371060,411371060000,张衡街道,张衡街道办事处,411371,南阳高新技术产业开发区,township,street,True,ruiduobao,mixed-legacy~2018-2020,False,False,False,MultiPolygon,True,,,management_zone,management_zone
411371061,411371061000,百里奚街道,百里奚街道办事处,411371,南阳高新技术产业开发区,township,street,True,ruiduobao,mixed-legacy~2018-2020,False,False,False,MultiPolygon,True,,,management_zone,management_zone
411371401,411371401000,高新区产业集聚工业园,高新区产业集聚工业园,411371,南阳高新技术产业开发区,township,industrialPark,True,ruiduobao,mixed-legacy~2018-2020,False,False,False,MultiPolygon,True,,,management_zone,management_zone
411372005,411372005000,白河街道,白河街道办事处,411372,南阳市城乡一体化示范区,township,street,True,ruiduobao,mixed-legacy~2018-2020,False,False,False,MultiPolygon,True,,,management_zone,management_zone
411372006,411372006000,枣林街道,枣林街道办事处,411372,南阳市城乡一体化示范区,township,street,True,ruiduobao,mixed-legacy~2018-2020,False,False,False,MultiPolygon,True,,,management_zone,management_zone
411372007,411372007000,姜营街道,姜营街道办事处,411372,南阳市城乡一体化示范区,township,street,True,ruiduobao,mixed-legacy~2018-2020,False,False,False,MultiPolygon,True,,,management_zone,management_zone
411372306,411372306000,新店乡,新店乡,411372,南阳市城乡一体化示范区,township,township,True,ruiduobao,mixed-legacy~2018-2020,False,False,False,MultiPolygon,True,,,management_zone,management_zone
411381001,411381001000,古城街道,古城街道办事处,411381,邓州市,township,street,False,ruiduobao,mixed-legacy~2018-2020,False,True,True,MultiPolygon,True,古城街道,古城街道,match,match
411381002,411381002000,花洲街道,花洲街道办事处,411381,邓州市,township,street,False,ruiduobao,mixed-legacy~2018-2020,False,True,True,MultiPolygon,True,花洲街道,花洲街道,match,match
411381003,411381003000,湍河街道,湍河街道办事处,411381,邓州市,township,street,False,ruiduobao,mixed-legacy~2018-2020,False,True,True,MultiPolygon,True,湍河街道,湍河街道,match,match
411381102,411381102000,罗庄镇,罗庄镇,411381,邓州市,township,town,False,ruiduobao,mixed-legacy~2018-2020,False,True,True,MultiPolygon,True,罗庄镇,罗庄镇,match,match
411381103,411381103000,汲滩镇,汲滩镇,411381,邓州市,township,town,False,ruiduobao,mixed-legacy~2018-2020,False,True,True,MultiPolygon,True,汲滩镇,汲滩镇,match,match
411381104,411381104000,穰东镇,穰东镇,411381,邓州市,township,town,False,ruiduobao,mixed-legacy~2018-2020,False,True,True,MultiPolygon,True,穰东镇,穰东镇,match,match
411381105,411381105000,孟楼镇,孟楼镇,411381,邓州市,township,town,False,ruiduobao,mixed-legacy~2018-2020,False,True,True,MultiPolygon,True,孟楼镇,孟楼镇,match,match
411381106,411381106000,林扒镇,林扒镇,411381,邓州市,township,town,False,ruiduobao,mixed-legacy~2018-2020,False,True,True,MultiPolygon,True,林扒镇,林扒镇,match,match
411381107,411381107000,构林镇,构林镇,411381,邓州市,township,town,False,ruiduobao,mixed-legacy~2018-2020,False,True,True,MultiPolygon,True,构林镇,构林镇,match,match
411381108,411381108000,十林镇,十林镇,411381,邓州市,township,town,False,ruiduobao,mixed-legacy~2018-2020,True,True,True,MultiPolygon,True,十林镇,十林镇,match,match
411381109,411381109000,张村镇,张村镇,411381,邓州市,township,town,False,ruiduobao,mixed-legacy~2018-2020,False,True,True,MultiPolygon,True,张村镇,张村镇,match,match
411381110,411381110000,都司镇,都司镇,411381,邓州市,township,town,False,ruiduobao,mixed-legacy~2018-2020,False,True,True,MultiPolygon,True,都司镇,都司镇,match,match
411381111,411381111000,赵集镇,赵集镇,411381,邓州市,township,town,False,ruiduobao,mixed-legacy~2018-2020,False,True,True,MultiPolygon,True,赵集镇,赵集镇,match,match
411381112,411381112000,刘集镇,刘集镇,411381,邓州市,township,town,False,ruiduobao,mixed-legacy~2018-2020,False,True,True,MultiPolygon,True,刘集镇,刘集镇,match,match
411381113,411381113000,桑庄镇,桑庄镇,411381,邓州市,township,town,False,ruiduobao,mixed-legacy~2018-2020,False,True,True,MultiPolygon,True,桑庄镇,桑庄镇,match,match
411381114,411381114000,彭桥镇,彭桥镇,411381,邓州市,township,town,False,ruiduobao,mixed-legacy~2018-2020,True,True,True,MultiPolygon,True,彭桥镇,彭桥镇,match,match
411381115,411381115000,白牛镇,白牛镇,411381,邓州市,township,town,False,ruiduobao,mixed-legacy~2018-2020,False,True,True,MultiPolygon,True,白牛镇,白牛镇,match,match
411381116,411381116000,腰店镇,腰店镇,411381,邓州市,township,town,False,ruiduobao,mixed-legacy~2018-2020,False,True,True,MultiPolygon,True,腰店镇,腰店镇,match,match
411381117,411381117000,九龙镇,九龙镇,411381,邓州市,township,town,False,ruiduobao,mixed-legacy~2018-2020,False,True,True,MultiPolygon,True,九龙镇,九龙镇,match,match
411381118,411381118000,文渠镇,文渠镇,411381,邓州市,township,town,False,ruiduobao,mixed-legacy~2018-2020,False,True,True,MultiPolygon,True,文渠镇,文渠镇,match,match
411381119,411381119000,高集镇,高集镇,411381,邓州市,township,town,False,ruiduobao,mixed-legacy~2018-2020,False,True,True,MultiPolygon,True,高集镇,高集镇,match,match
411381120,411381120000,夏集镇,夏集镇,411381,邓州市,township,town,False,ruiduobao,mixed-legacy~2018-2020,False,True,True,MultiPolygon,True,夏集镇,夏集镇,match,match
411381121,411381121000,陶营镇,陶营镇,411381,邓州市,township,town,False,ruiduobao,mixed-legacy~2018-2020,False,True,True,MultiPolygon,True,陶营镇,陶营镇,match,match
411381301,411381301000,张楼乡,张楼乡,411381,邓州市,township,township,False,ruiduobao,mixed-legacy~2018-2020,False,True,True,MultiPolygon,True,张楼乡,张楼乡,match,match
411381305,411381305000,裴营乡,裴营乡,411381,邓州市,township,township,False,ruiduobao,mixed-legacy~2018-2020,False,True,True,MultiPolygon,True,裴营乡,裴营乡,match,match
411381316,411381316000,小杨营乡,小杨营乡,411381,邓州市,township,township,False,ruiduobao,mixed-legacy~2018-2020,False,False,False,MultiPolygon,True,,,legacy_or_extra,legacy_or_extra
411381319,411381319000,龙堰乡,龙堰乡,411381,邓州市,township,township,False,ruiduobao,mixed-legacy~2018-2020,False,True,True,MultiPolygon,True,龙堰乡,龙堰乡,match,match
411381400,411381400000,南阳市黄牛良种繁育场,南阳市黄牛良种繁育场,411381,邓州市,township,farm,False,ruiduobao,mixed-legacy~2018-2020,False,True,True,MultiPolygon,True,南阳市黄牛良种繁育场,南阳市黄牛良种繁育场,match,match
411381560,411381560000,杏山旅游管理区,杏山旅游管理区杏山街道办事处,411381,邓州市,township,managementArea,False,ruiduobao,mixed-legacy~2018-2020,False,True,True,MultiPolygon,True,杏山旅游管理区,杏山旅游管理区,match,match
